ref,barrio,anio,bruto,fijos,resultado_antes_ir,flujo_neto,flujo_descontado,flujo_acumulado
W05.102,Copacabana,0,0,0,-1279750.0,-1279750.0,-1279750.0,-1279750.0
W05.102,Copacabana,1,53309,19339,21709.0,20081.0,18746.0,-1259669.0
W05.102,Copacabana,2,55441,20020,22670.0,20970.0,18275.0,-1238699.0
W05.102,Copacabana,3,57659,20729,23669.0,21893.0,17812.0,-1216806.0
W05.102,Copacabana,4,59965,21466,24707.0,22854.0,17357.0,-1193952.0
W05.102,Copacabana,5,62364,22233,25788.0,23854.0,16912.0,-1170098.0
W05.102,Copacabana,6,64859,23030,26911.0,24893.0,16476.0,-1145205.0
W05.102,Copacabana,7,67453,23859,28080.0,25974.0,16049.0,-1119232.0
W05.102,Copacabana,8,70151,24722,29295.0,27098.0,15630.0,-1092134.0
W05.102,Copacabana,9,72957,25618,30559.0,28267.0,15221.0,-1063868.0
W05.102,Copacabana,10,75875,26551,31873.0,1875987.0,943027.0,812119.0
W06.914,Copacabana,0,0,0,-1842000.0,-1842000.0,-1842000.0,-1842000.0
W06.914,Copacabana,1,86101,41898,24400.0,22570.0,21070.0,-1819430.0
W06.914,Copacabana,2,89545,43446,25504.0,23591.0,20559.0,-1795839.0
W06.914,Copacabana,3,93127,45056,26652.0,24653.0,20057.0,-1771186.0
W06.914,Copacabana,4,96852,46730,27846.0,25758.0,19562.0,-1745428.0
W06.914,Copacabana,5,100726,48471,29088.0,26906.0,19077.0,-1718522.0
W06.914,Copacabana,6,104755,50282,30379.0,28101.0,18599.0,-1690421.0
W06.914,Copacabana,7,108945,52165,31723.0,29343.0,18131.0,-1661078.0
W06.914,Copacabana,8,113303,54124,33119.0,30636.0,17671.0,-1630442.0
W06.914,Copacabana,9,117835,56161,34572.0,31979.0,17220.0,-1598463.0
W06.914,Copacabana,10,122548,58279,36083.0,2602426.0,1308196.0,1003963.0
W06.931,Copacabana,0,0,0,-1925499.9999999998,-1925499.9999999998,-1925499.9999999998,-1925499.9999999998
W06.931,Copacabana,1,86101,51319,14978.0,13855.0,12934.0,-1911645.0
W06.931,Copacabana,2,89545,53236,15713.0,14535.0,12667.0,-1897110.0
W06.931,Copacabana,3,93127,55230,16478.0,15242.0,12400.0,-1881869.0
W06.931,Copacabana,4,96852,57303,17273.0,15977.0,12135.0,-1865891.0
W06.931,Copacabana,5,100726,59459,18100.0,16742.0,11870.0,-1849149.0
W06.931,Copacabana,6,104755,61701,18960.0,17538.0,11608.0,-1831611.0
W06.931,Copacabana,7,108945,64033,19854.0,18365.0,11348.0,-1813246.0
W06.931,Copacabana,8,113303,66459,20784.0,19226.0,11090.0,-1794020.0
W06.931,Copacabana,9,117835,68981,21752.0,20120.0,10834.0,-1773900.0
W06.931,Copacabana,10,122548,71604,22758.0,2750666.0,1382713.0,976766.0
W06.935,Ipanema,0,0,0,-1794249.9999999998,-1794249.9999999998,-1794249.9999999998,-1794249.9999999998
W06.935,Ipanema,1,83326,20968,43193.0,39954.0,37298.0,-1754296.0
W06.935,Ipanema,2,86660,21675,45053.0,41674.0,36318.0,-1712622.0
W06.935,Ipanema,3,90126,22410,46987.0,43463.0,35360.0,-1669159.0
W06.935,Ipanema,4,93731,23174,48999.0,45324.0,34423.0,-1623835.0
W06.935,Ipanema,5,97480,23969,51091.0,47259.0,33507.0,-1576576.0
W06.935,Ipanema,6,101379,24796,53266.0,49271.0,32612.0,-1527304.0
W06.935,Ipanema,7,105435,25656,55529.0,51364.0,31737.0,-1475940.0
W06.935,Ipanema,8,109652,26550,57882.0,53541.0,30883.0,-1422399.0
W06.935,Ipanema,9,114038,27480,60329.0,55805.0,30049.0,-1366594.0
W06.935,Ipanema,10,118600,28447,62875.0,2707491.0,1361010.0,1340897.0
W06.922,Ipanema,0,0,0,-2125750.0,-2125750.0,-2125750.0,-2125750.0
W06.922,Ipanema,1,65800,42235,8430.0,7798.0,7280.0,-2117952.0
W06.922,Ipanema,2,68432,43769,8924.0,8254.0,7193.0,-2109698.0
W06.922,Ipanema,3,71169,45364,9436.0,8729.0,7101.0,-2100969.0
W06.922,Ipanema,4,74016,47022,9970.0,9222.0,7004.0,-2091747.0
W06.922,Ipanema,5,76976,48747,10525.0,9735.0,6902.0,-2082011.0
W06.922,Ipanema,6,80055,50541,11102.0,10269.0,6797.0,-2071742.0
W06.922,Ipanema,7,83258,52407,11702.0,10824.0,6688.0,-2060918.0
W06.922,Ipanema,8,86588,54347,12326.0,11401.0,6576.0,-2049517.0
W06.922,Ipanema,9,90051,56365,12975.0,12002.0,6463.0,-2037515.0
W06.922,Ipanema,10,93653,58463,13650.0,3143655.0,1580262.0,1106140.0
W06.924,Lagoa,0,0,0,-1651400.0,-1651400.0,-1651400.0,-1651400.0
W06.924,Lagoa,1,29906,23631,-603.0,-603.0,-563.0,-1652003.0
W06.924,Lagoa,2,31102,24455,-506.0,-506.0,-441.0,-1652509.0
W06.924,Lagoa,3,32347,25311,-404.0,-404.0,-329.0,-1652913.0
W06.924,Lagoa,4,33640,26202,-299.0,-299.0,-227.0,-1653212.0
W06.924,Lagoa,5,34986,27129,-189.0,-189.0,-134.0,-1653401.0
W06.924,Lagoa,6,36386,28092,-75.0,-75.0,-50.0,-1653476.0
W06.924,Lagoa,7,37841,29094,43.0,40.0,25.0,-1653436.0
W06.924,Lagoa,8,39355,30136,167.0,154.0,89.0,-1653282.0
W06.924,Lagoa,9,40929,31220,295.0,273.0,147.0,-1653009.0
W06.924,Lagoa,10,42566,32347,428.0,2440993.0,1227046.0,787984.0
W06.481,Gávea,0,0,0,-2312500.0,-2312500.0,-2312500.0,-2312500.0
W06.481,Gávea,1,31085,36908,-12972.0,-12972.0,-12110.0,-2325472.0
W06.481,Gávea,2,32329,38216,-13323.0,-13323.0,-11611.0,-2338795.0
W06.481,Gávea,3,33622,39577,-13688.0,-13688.0,-11136.0,-2352483.0
W06.481,Gávea,4,34967,40992,-14068.0,-14068.0,-10684.0,-2366551.0
W06.481,Gávea,5,36365,42463,-14462.0,-14462.0,-10254.0,-2381013.0
W06.481,Gávea,6,37820,43994,-14873.0,-14873.0,-9844.0,-2395886.0
W06.481,Gávea,7,39333,45586,-15300.0,-15300.0,-9453.0,-2411185.0
W06.481,Gávea,8,40906,47241,-15744.0,-15744.0,-9081.0,-2426929.0
W06.481,Gávea,9,42542,48963,-16205.0,-16205.0,-8726.0,-2443134.0
W06.481,Gávea,10,44244,50753,-16686.0,3355192.0,1686598.0,912057.0
W06.936,Lagoa,0,0,0,-2760750.0,-2760750.0,-2760750.0,-2760750.0
W06.936,Lagoa,1,51147,33702,5681.0,5255.0,4906.0,-2755495.0
W06.936,Lagoa,2,53193,34846,6113.0,5654.0,4927.0,-2749841.0
W06.936,Lagoa,3,55321,36036,6561.0,6069.0,4937.0,-2743772.0
W06.936,Lagoa,4,57533,37273,7028.0,6500.0,4937.0,-2737271.0
W06.936,Lagoa,5,59835,38560,7513.0,6949.0,4927.0,-2730322.0
W06.936,Lagoa,6,62228,39899,8017.0,7416.0,4908.0,-2722906.0
W06.936,Lagoa,7,64717,41290,8542.0,7901.0,4882.0,-2715005.0
W06.936,Lagoa,8,67306,42738,9087.0,8406.0,4849.0,-2706599.0
W06.936,Lagoa,9,69998,44244,9655.0,8931.0,4809.0,-2697668.0
W06.936,Lagoa,10,72798,45809,10245.0,4103899.0,2062961.0,1406231.0
W06.947,Leblon,0,0,0,-2279500.0,-2279500.0,-2279500.0,-2279500.0
W06.947,Leblon,1,73900,21972,34932.0,32312.0,30164.0,-2247188.0
W06.947,Leblon,2,76856,22682,36497.0,33760.0,29421.0,-2213428.0
W06.947,Leblon,3,79931,23422,38125.0,35266.0,28691.0,-2178163.0
W06.947,Leblon,4,83128,24191,39818.0,36832.0,27973.0,-2141331.0
W06.947,Leblon,5,86453,24990,41579.0,38460.0,27268.0,-2102871.0
W06.947,Leblon,6,89911,25822,43410.0,40154.0,26577.0,-2062717.0
W06.947,Leblon,7,93507,26687,45314.0,41916.0,25899.0,-2020802.0
W06.947,Leblon,8,97248,27586,47295.0,43748.0,25234.0,-1977054.0
W06.947,Leblon,9,101138,28522,49354.0,45653.0,24583.0,-1931401.0
W06.947,Leblon,10,105183,29494,51497.0,3419512.0,1718931.0,1488110.0
W06.345,Leblon,0,0,0,-2293500.0,-2293500.0,-2293500.0,-2293500.0
W06.345,Leblon,1,101562,25021,53182.0,49193.0,45924.0,-2244307.0
W06.345,Leblon,2,105625,25854,55477.0,51317.0,44722.0,-2192990.0
W06.345,Leblon,3,109850,26720,57865.0,53525.0,43545.0,-2139465.0
W06.345,Leblon,4,114244,27621,60347.0,55821.0,42395.0,-2083644.0
W06.345,Leblon,5,118813,28557,62929.0,58209.0,41270.0,-2025435.0
W06.345,Leblon,6,123566,29532,65614.0,60693.0,40171.0,-1964742.0
W06.345,Leblon,7,128509,30545,68407.0,63276.0,39097.0,-1901466.0
W06.345,Leblon,8,133649,31599,71311.0,65963.0,38048.0,-1835503.0
W06.345,Leblon,9,138995,32695,74331.0,68757.0,37024.0,-1766746.0
W06.345,Leblon,10,144555,33834,77473.0,3443539.0,1731009.0,1676793.0
W06.620,Ipanema,0,0,0,-3215525.0,-3215525.0,-3215525.0,-3215525.0
W06.620,Ipanema,1,299333,43815,186672.0,172671.0,161194.0,-3042854.0
W06.620,Ipanema,2,311306,45332,194374.0,179796.0,156689.0,-2863058.0
W06.620,Ipanema,3,323758,46909,202385.0,187206.0,152303.0,-2675852.0
W06.620,Ipanema,4,336709,48550,210716.0,194912.0,148032.0,-2480940.0
W06.620,Ipanema,5,350177,50256,219380.0,202926.0,143875.0,-2278014.0
W06.620,Ipanema,6,364184,52031,228391.0,211261.0,139829.0,-2066752.0
W06.620,Ipanema,7,378751,53877,237762.0,219930.0,135891.0,-1846823.0
W06.620,Ipanema,8,393902,55796,247508.0,228945.0,132059.0,-1617878.0
W06.620,Ipanema,9,409658,57792,257644.0,238321.0,128329.0,-1379557.0
W06.620,Ipanema,10,426044,59869,268185.0,4976728.0,2501717.0,3597171.0
W06.725,Flamengo,0,0,0,-3654900.0,-3654900.0,-3654900.0,-3654900.0
W06.725,Flamengo,1,31247,55655,-31595.0,-31595.0,-29495.0,-3686495.0
W06.725,Flamengo,2,32497,57624,-32601.0,-32601.0,-28411.0,-3719095.0
W06.725,Flamengo,3,33797,59671,-33647.0,-33647.0,-27374.0,-3752743.0
W06.725,Flamengo,4,35149,61800,-34735.0,-34735.0,-26381.0,-3787478.0
W06.725,Flamengo,5,36555,64015,-35867.0,-35867.0,-25430.0,-3823345.0
W06.725,Flamengo,6,38017,66318,-37044.0,-37044.0,-24519.0,-3860390.0
W06.725,Flamengo,7,39538,68713,-38269.0,-38269.0,-23645.0,-3898658.0
W06.725,Flamengo,8,41119,71204,-39542.0,-39542.0,-22808.0,-3938200.0
W06.725,Flamengo,9,42764,73794,-40866.0,-40866.0,-22005.0,-3979066.0
W06.725,Flamengo,10,44475,76488,-42243.0,5127969.0,2577744.0,1148903.0
